"","0","17","44","66","90","Position","Mutation"
"*112C(TGA>TGC)::PA14_RS23035<::hypothetical protein;;5038856;;T>G",0,19.4,17.5,0,0,5038856,"T>G"
"*310C(TGA>TGC)::PA14_RS23860<::allophanate hydrolase;;5210872;;T>G",0,18.6,17.9,17.9,0,5210872,"T>G"
"A215A(GCA>GCC)::tolA<::cell envelope integrity/translocation protein TolA;;4595882;;T>G",0,10,13.6,0,0,4595882,"T>G"
"A222A(GCT>GCG)::PA14_RS25505>::PhzF family phenazine biosynthesis protein;;5567766;;T>G",0,0,9.9,0,13.4,5567766,"T>G"
"A224P(GCC>CCC)::PA14_RS18320>::transporter;;4019789;;G>C",0,11,11.2,13.8,0,4019789,"G>C"
"A459A(GCG>GCC)::PA14_RS24030>::hypothetical protein;;5248330;;G>C",0,12.5,0,9.1,0,5248330,"G>C"
"A49P(GCT>CCT)::PA14_RS28130<::hypothetical protein;;6155646;;C>G",0,0,12,0,12.5,6155646,"C>G"
"A546A(GCC>GCA)::PA14_RS29095<::hypothetical protein;;6361913;;G>T",0,0,11.2,0,10.3,6361913,"G>T"
"A72A(GCT>GCG)::PA14_RS30395<::hypothetical protein;;2703392;;A>C",0,0,11,0,10.5,2703392,"A>C"
"A75A(GCA>GCC)::PA14_RS30395<::hypothetical protein;;2703383;;T>G",0,0,10.5,17.3,16.2,2703383,"T>G"
"C82G(TGC>GGC)::PA14_RS30395<::hypothetical protein;;2703364;;A>C",0,0,8.9,0,11.3,2703364,"A>C"
"coding(30‑62/756nt)::PA14_RS07210<::DeoR family transcriptional regulator;;1542541;;Δ33bp",0,0,0,32,42,1542541,"Δ33bp"
"D258A(GAC>GCC)::PA14_RS16325<::Ig‑like domain repeat protein;;3595942;;T>G",0,0,13.1,0,10.9,3595942,"T>G"
"D26A(GAC>GCC)‡::PA14_RS00900<::methyl‑accepting chemotaxis protein;;200423;;T>G",0,35.1,23.8,27.1,21.5,200423,"T>G"
"D26H(GAC>CAC)‡::PA14_RS00900<::methyl‑accepting chemotaxis protein;;200424;;C>G",0,22.2,14.7,13.2,10.7,200424,"C>G"
"D295A(GAC>GCC)::PA14_RS03780>::ABC transporter ATP‑binding protein;;797376;;A>C",0,0,17.7,18.6,12.2,797376,"A>C"
"D421D(GAC>GAT)::PA14_RS01595>::aspartate aminotransferase family protein;;352338;;C>T",0,0,8.3,54.8,44.6,352338,"C>T"
"D76A(GAC>GCC)::PA14_RS03910>::PAS domain‑containing sensor histidine kinase;;831131;;A>C",0,0,0,9.4,14.3,831131,"A>C"
"E12A(GAG>GCG)::PA14_RS20530<::histidine kinase;;4496257;;T>G",0,0,0,11.3,10,4496257,"T>G"
"E242A(GAG>GCG)::PA14_RS08005>::iron dicitrate transporter FecR;;1721465;;A>C",0,0,0,18.7,11.8,1721465,"A>C"
"E268D(GAA>GAC)::PA14_RS21625>::oxidoreductase;;4707967;;A>C",0,0,11.9,12.8,12.9,4707967,"A>C"
"E291A(GAG>GCG)::PA14_RS21685>::serine/threonine dehydratase;;4721999;;A>C",0,11.3,7.7,0,0,4721999,"A>C"
"E323A(GAG>GCG)::PA14_RS09360>::ribosomal large subunit pseudouridine synthase B;;2004653;;A>C",0,13.9,12.1,17.9,0,2004653,"A>C"
"F273V(TTC>GTC)::PA14_RS21625>::oxidoreductase;;4707980;;T>G",0,11.8,0,11.1,0,4707980,"T>G"
"G157G(GGC>GGG)::PA14_RS23855>::Lrp/AsnC family transcriptional regulator;;5210864;;C>G",0,0,15,15.5,14.4,5210864,"C>G"
"G166D(GGC>GAC)::PA14_RS22760>::inorganic phosphate transporter;;4978985;;G>A",0,0,53.5,100,100,4978985,"G>A"
"G220S(GGC>AGC)::PA14_RS21415<::aspartokinase;;4661344;;C>T",0,0,54.6,100,100,4661344,"C>T"
"G23G(GGC>GGG)::PA14_RS18220>::allantoinase PuuE;;3995195;;C>G",0,0,9.6,0,10.2,3995195,"C>G"
"H192P(CAT>CCT)::PA14_RS02320<::NAD‑dependent dihydropyrimidine dehydrogenase subunit PreA;;507534;;T>G",0,11.6,0,6.9,0,507534,"T>G"
"intergenic(‑117/+50)::PA14_RS06835</<map::bifunctional uridylyltransferase/uridylyl‑removing protein/type I methionyl aminopeptidase;;1462012;;A>C",0,0,0,13.7,12.1,1462012,"A>C"
"intergenic(‑138/+26)::PA14_RS29770</<PA14_RS29775::C4‑dicarboxylate ABC transporter/class I SAM‑dependent methyltransferase;;6512667;;T>G",0,11.4,7,0,0,6512667,"T>G"
"intergenic(‑138/+31)::PA14_RS08885</<PA14_RS08890::m18 family aminopeptidase/pseudouridine synthase;;1913775;;T>G",0,0,18.5,0,11.9,1913775,"T>G"
"intergenic(‑188/+29)::PA14_RS23100</<PA14_RS23105::ferrous iron transporter A/ATPase;;5051244;;T>G",0,0,0,11.2,13.3,5051244,"T>G"
"intergenic(‑193/+26)::PA14_RS26645</<PA14_RS26650::30S ribosomal protein S6/23S rRNA (guanosine(2251)‑2'‑O)‑methyltransferase RlmB;;5809307;;Δ1bp",0,0,100,100,100,5809307,"Δ1bp"
"intergenic(‑37/+34)::PA14_RS28195</<rho::acyltransferase/transcription termination factor Rho;;6171044;;C>A",0,0,11,0,10.2,6171044,"C>A"
"intergenic(‑46/+27)::PA14_RS28970</<PA14_RS28975::3‑keto‑5‑aminohexanoate cleavage protein/choline ABC transporter substrate‑binding protein;;6338747;;A>C",0,0,13.2,13.5,11.1,6338747,"A>C"
"intergenic(‑49/+46)::PA14_RS03055</<PA14_RS03060::DUF4136 domain‑containing protein/SpoVR family protein;;656583;;G>C",0,0,10.7,12.6,10.1,656583,"G>C"
"intergenic(‑54/+32)::PA14_RS23455</<PA14_RS23460::stringent starvation protein A/cytochrome c1;;5125799;;T>G",0,12.9,0,17.8,0,5125799,"T>G"
"intergenic(‑59/+43)::PA14_RS19935</<PA14_RS19940::acyl‑CoA dehydrogenase/LLM class flavin‑dependent oxidoreductase;;4360335;;T>G",0,0,15.6,0,14.8,4360335,"T>G"
"intergenic(‑66/+24)::PA14_RS05100</<PA14_RS05105::hypothetical protein/endonuclease/exonuclease/phosphatase family protein;;1086453;;T>G",0,17.6,12.8,0,0,1086453,"T>G"
"intergenic(‑71/‑42)::PA14_RS17910</>PA14_RS17915::hypothetical protein/hypothetical protein;;3926441;;C>A",0,13.5,0,15.4,0,3926441,"C>A"
"intergenic(‑80/‑164)::PA14_RS15000</>PA14_RS15005::DUF2513 domain‑containing protein/hypothetical protein;;3285450;;C>A",0,14.2,11,0,0,3285450,"C>A"
"intergenic(‑88/‑104)::PA14_RS19605</>PA14_RS19610::AraC family transcriptional regulator/thioredoxin family protein;;4299039;;T>G",0,0,15.7,0,21.7,4299039,"T>G"
"intergenic(‑97/+24)::PA14_RS05770</<PA14_RS05775::valine‑‑tRNA ligase/hypothetical protein;;1234530;;C>G",0,0,12.1,17.7,16.1,1234530,"C>G"
"intergenic(+10/‑57)::trbL>/>PA14_RS06215::P‑type conjugative transfer protein TrbL/hypothetical protein;;1315998;;C>G",0,0,17.2,23.5,16.3,1315998,"C>G"
"intergenic(+104/+23)::PA14_RS16335>/<PA14_RS16340::hypothetical protein/protease LasA;;3599192;;C>G",0,0,11.3,12.7,10.1,3599192,"C>G"
"intergenic(+12/+120)::PA14_RS18780>/<PA14_RS18785::hypothetical protein/TetR/AcrR family transcriptional regulator;;4117799;;A>C",0,24,17.1,17.9,13.6,4117799,"A>C"
"intergenic(+16/+32)::PA14_RS11510>/<PA14_RS11515::hypothetical protein/alpha/beta hydrolase;;2449647;;A>C",0,0,19.8,0,19.3,2449647,"A>C"
"intergenic(+20/+112)::PA14_RS18780>/<PA14_RS18785::hypothetical protein/TetR/AcrR family transcriptional regulator;;4117807;;A>C",0,10.4,9.2,0,0,4117807,"A>C"
"intergenic(+22/‑662)::PA14_RS19690>/>PA14_RS19700::transglycosylase/hypothetical protein;;4313566;;G>C",0,0,10.6,0,10.8,4313566,"G>C"
"intergenic(+23/‑292)::PA14_RS08345>/>PA14_RS08350::chemotaxis protein methyltransferase 1/STAS domain‑containing protein;;1787262;;A>C",0,10.1,8,0,0,1787262,"A>C"
"intergenic(+24/+34)::PA14_RS08490>/<PA14_RS08495::non‑hemolytic phospholipase C/hypothetical protein;;1826578;;T>G",0,10,0,8.7,0,1826578,"T>G"
"intergenic(+26/+22)::PA14_RS11510>/<PA14_RS11515::hypothetical protein/alpha/beta hydrolase;;2449657;;T>G",0,15.5,7,0,0,2449657,"T>G"
"intergenic(+29/+19)::PA14_RS11510>/<PA14_RS11515::hypothetical protein/alpha/beta hydrolase;;2449660;;T>G",0,0,9.7,13.2,14,2449660,"T>G"
"intergenic(+307/+38)::PA14_RS08455>/<PA14_RS08460::ATP‑dependent Clp protease proteolytic subunit/hypothetical protein;;1818069;;C>A",0,0,0,18.9,10.1,1818069,"C>A"
"intergenic(+42/‑147)::PA14_RS22830>/>PA14_RS22835::Flp family type IVb pilin/methyl‑accepting chemotaxis protein;;4994663;;C>A",0,0,14.8,0,10.4,4994663,"C>A"
"intergenic(+475/+141)::PA14_RS29520>/<PA14_RS29525::homoserine kinase/TSCPD domain‑containing protein;;6461263;;C>A",0,12.6,14.2,0,0,6461263,"C>A"
"intergenic(+55/‑38)::PA14_RS09580>/>PA14_RS09585::hypothetical protein/tRNA dihydrouridine(16) synthase DusC;;2056386;;C>A",0,10.5,7.2,12.2,0,2056386,"C>A"
"K600T(AAG>ACG)::PA14_RS12210<::NADH‑quinone oxidoreductase subunit NuoG;;2592386;;T>G",0,0,10.6,0,12.1,2592386,"T>G"
"L177L(CTC>CTA)::PA14_RS24055>::DUF2786 domain‑containing protein;;5255038;;C>A",0,0,9.3,0,11.1,5255038,"C>A"
"L256R(CTG>CGG)::PA14_RS01735<::ABC transporter ATP‑binding protein;;380533;;A>C",0,11.1,6.6,8.5,0,380533,"A>C"
"L33R(CTG>CGG)::PA14_RS10905>::acyl‑CoA thioesterase II;;2344945;;T>G",0,0,0,13.4,10.5,2344945,"T>G"
"L45R(CTG>CGG)::PA14_RS07980<::hypothetical protein;;1718832;;A>C",0,0,10.4,0,17,1718832,"A>C"
"L81F(TTG>TTT)::PA14_RS10320<::DUF2062 domain‑containing protein;;2225908;;C>A",0,0,11.2,0,11.2,2225908,"C>A"
"L88R(CTG>CGG)::PA14_RS14120>::serine hydrolase;;3082245;;T>G",0,12,13.2,8.4,0,3082245,"T>G"
"L95V(CTG>GTG)::PA14_RS18715>::sodium:solute symport protein;;4100296;;C>G",0,10.4,7.4,0,0,4100296,"C>G"
"L97M(CTG>ATG)::PA14_RS18715>::sodium:solute symport protein;;4100302;;C>A",0,13.7,10.5,0,0,4100302,"C>A"
"N40T(AAC>ACC)::PA14_RS21190>::phosphoribosylglycinamide formyltransferase;;4618912;;A>C",0,10.2,9.8,0,0,4618912,"A>C"
"N44T(AAC>ACC)::PA14_RS09180<::hypothetical protein;;1970489;;T>G",0,0,0,20.8,23.8,1970489,"T>G"
"N472K(AAT>AAA)::PA14_RS24030>::hypothetical protein;;5248369;;T>A",0,11.5,6.7,14.9,0,5248369,"T>A"
"P165T(CCG>ACG)::PA14_RS07385<::alginate O‑acetyltransferase;;1580457;;G>T",0,0,8.7,0,10.6,1580457,"G>T"
"P23P(CCT>CCG)::PA14_RS11965<::esterase;;2539342;;A>C",0,11.4,0,14.7,0,2539342,"A>C"
"P58S(CCC>TCC)::PA14_RS12495>::DNA‑binding response regulator;;2655675;;C>T",0,0,11,53.6,42.5,2655675,"C>T"
"P762T(CCT>ACT)::PA14_RS13395<::sugar‑binding protein;;2870820;;G>T",0,0,12.4,11.7,12.1,2870820,"G>T"
"P93Q(CCG>CAG)::PA14_RS18715>::sodium:solute symport protein;;4100291;;C>A",0,0,9.8,0,13.2,4100291,"C>A"
"pseudogene(704/1970nt)::PA14_RS19140<::protease;;4195229;;T>G",0,15.4,14.8,14.6,0,4195229,"T>G"
"pseudogene(845/1499nt)::PA14_RS00410<::FHA domain‑containing protein;;96565;;T>G",0,24.6,0,0,35.8,96565,"T>G"
"Q206P(CAG>CCG)::PA14_RS07305>::LysR family transcriptional regulator;;1561020;;A>C",0,0,0,12.8,10.4,1561020,"A>C"
"Q248P(CAG>CCG)::PA14_RS01735<::ABC transporter ATP‑binding protein;;380557;;T>G",0,10.8,13.5,8.7,0,380557,"T>G"
"Q28P(CAG>CCG)::PA14_RS00900<::methyl‑accepting chemotaxis protein;;200417;;T>G",0,0,0,19.2,16.5,200417,"T>G"
"Q28P(CAG>CCG)‡::PA14_RS00900<::methyl‑accepting chemotaxis protein;;200417;;T>G",0,19.6,15.5,0,0,200417,"T>G"
"Q51P(CAG>CCG)::flgG<::flagellar basal‑body rod protein FlgG;;4481493;;T>G",0,15.7,15.8,17.2,0,4481493,"T>G"
"Q86P(CAG>CCG)::PA14_RS30395<::hypothetical protein;;2703351;;T>G",0,12.6,12,0,0,2703351,"T>G"
"R43R(CGT>CGG)::PA14_RS00900<::methyl‑accepting chemotaxis protein;;200371;;A>C",0,0,8.4,0,10.2,200371,"A>C"
"R66R(CGC>CGG)::bioF>::8‑amino‑7‑oxononanoate synthase;;570978;;C>G",0,0,9.1,11.3,10.5,570978,"C>G"
"R85L(CGA>CTA)::PA14_RS30215>::RHS repeat protein;;1762761;;G>T",0,10.4,11,0,0,1762761,"G>T"
"S198*(TCG>TAG)::PA14_RS25330>::iron ABC transporter substrate‑binding protein;;5530221;;C>A",0,0,8.6,11.4,11,5530221,"C>A"
"S219R(AGC>CGC)::PA14_RS14490<::glycosyltransferase family 1 protein;;3168192;;T>G",0,0,15.1,0,15,3168192,"T>G"
"S35A(TCG>GCG)::PA14_RS29260>::DNA helicase II;;6404110;;T>G",0,10.1,9.4,12.9,0,6404110,"T>G"
"S48R(AGC>CGC)::PA14_RS09180<::hypothetical protein;;1970478;;T>G",0,0,40,0,35.7,1970478,"T>G"
"T115P(ACG>CCG)::PA14_RS30395<::hypothetical protein;;2703265;;T>G",0,12.1,9,0,0,2703265,"T>G"
"T141P(ACG>CCG)::PA14_RS25155<::MFS transporter;;5493780;;T>G",0,10.9,0,9.1,0,5493780,"T>G"
"T169A(ACC>GCC)::PA14_RS21485<::arginine/ornithine transporter AotM;;4677317;;T>C",0,0,0,50.5,40.1,4677317,"T>C"
"V163V(GTG>GTT)::PA14_RS10715<::cobalt‑precorrin‑6A reductase;;2305010;;C>A",0,0,0,12.5,10.9,2305010,"C>A"
"V32G(GTG>GGG)::PA14_RS29000<::hypothetical protein;;6344442;;A>C",0,0,8.3,9.1,11.4,6344442,"A>C"
"V3L(GTA>CTA)::PA14_RS01580<::glutamine synthetase;;348574;;C>G",0,0,0,48.1,39.1,348574,"C>G"
"V608M(GTG>ATG)::PA14_RS08745<::sensor histidine kinase;;1885380;;C>T",0,0,0,37.8,46.9,1885380,"C>T"
"V78G(GTC>GGC)::PA14_RS04145<::alpha‑ketoacid dehydrogenase subunit beta;;883046;;A>C",0,10.3,10.9,0,0,883046,"A>C"
"V78G(GTC>GGC)‡::PA14_RS04145<::alpha‑ketoacid dehydrogenase subunit beta;;883046;;A>C",0,0,0,10,10.4,883046,"A>C"
"W219G(TGG>GGG)::PA14_RS18320>::transporter;;4019774;;T>G",0,0,14.6,19.5,15.3,4019774,"T>G"
"W221G(TGG>GGG)::PA14_RS14490<::glycosyltransferase family 1 protein;;3168186;;A>C",0,0,13.7,16,13.3,3168186,"A>C"
"W27G(TGG>GGG)::PA14_RS00255<::hypothetical protein;;63013;;A>C",0,10,6.6,12.3,0,63013,"A>C"
"W46G(TGG>GGG)::PA14_RS28130<::hypothetical protein;;6155655;;A>C",0,14.5,14.9,15.4,0,6155655,"A>C"
"W99G(TGG>GGG)::PA14_RS10715<::cobalt‑precorrin‑6A reductase;;2305204;;A>C",0,0,9.3,8.6,12.2,2305204,"A>C"
